Text_ID,Sent_ID,Word_Number,Word,POS_Tag
1,1,1,There,EX
1,1,2,are,VBP
1,1,3,now,RB
1,1,4,rumblings,NNS
1,1,5,that,IN
1,1,6,Apple,NNP
1,1,7,might,MD
1,1,8,soon,RB
1,1,9,invade,VB
1,1,10,the,DT
1,1,11,smart,JJ
1,1,12,watch space,NN
1,1,13,",",","
1,1,14,though,IN
1,1,15,the,DT
1,1,16,company,NN
1,1,17,is,VBZ
1,1,18,maintaining,VBG
1,1,19,its,PRP$
1,1,20,customary,JJ
1,1,21,silence,NN
1,1,22,.,.
1,2,1,The,DT
1,2,2,watch,NN
1,2,3,doesn,VBZ
1,2,4,' t,RB
1,2,5,have,VB
1,2,6,a,DT
1,2,7,microphone,NN
1,2,8,or,CC
1,2,9,speaker,NN
1,2,10,",",","
1,2,11,but,CC
1,2,12,you,PRP
1,2,13,can,MD
1,2,14,use,VB
1,2,15,it,PRP
1,2,16,to,TO
1,2,17,control,VB
1,2,18,the,DT
1,2,19,music,NN
1,2,20,on,IN
1,2,21,your,PRP$
1,2,22,phone,NN
1,2,23,.,.
1,3,1,You,PRP
1,3,2,can,MD
1,3,3,glance,VB
1,3,4,at,IN
1,3,5,the,DT
1,3,6,watch face,NN
1,3,7,to,TO
1,3,8,view,VB
1,3,9,the,DT
1,3,10,artist,NN
1,3,11,and,CC
1,3,12,title,NN
1,3,13,of,IN
1,3,14,a,DT
1,3,15,song,NN
1,3,16,.,.
2,4,1,Two,CD
2,4,2,days,NNS
2,4,3,later,RB
2,4,4,",",","
2,4,5,the,DT
2,4,6,British,JJ
2,4,7,astronomer,NN
2,4,8,Richard Carrington,NNP
2,4,9,was,VBD
2,4,10,observing,VBG
2,4,11,the,DT
2,4,12,interesting,JJ
2,4,13,sunspot group,NN
2,4,14,through,IN
2,4,15,his,PRP$
2,4,16,telescope,NN
2,4,17,when,WRB
2,4,18,he,PRP
2,4,19,saw,VBD
2,4,20,what,WP
2,4,21,he,PRP
2,4,22,described,VBD
2,4,23,as,IN
2,4,24,"""",LRB-
2,4,25,two,CD
2,4,26,patches,NNS
2,4,27,of,IN
2,4,28,intensely,RB
2,4,29,bright,JJ
2,4,30,and,CC
2,4,31,white,JJ
2,4,32,light,NN
2,4,33,"""",RRB-
2,4,34,over,IN
2,4,35,the,DT
2,4,36,sunspots,NNS
2,4,37,.,.
2,5,1,He,PRP
2,5,2,jotted,VBD
2,5,3,a,DT
2,5,4,note,NN
2,5,5,in,IN
2,5,6,his,PRP$
2,5,7,painstaking,JJ
2,5,8,record,NN
2,5,9,.,.
2,6,1,That,DT
2,6,2,night,NN
2,6,3,there,EX
2,6,4,was,VBD
2,6,5,scarcely,RB
2,6,6,a,DT
2,6,7,square,JJ
2,6,8,inch,NN
2,6,9,of,IN
2,6,10,earth,NN
2,6,11,that,WDT
2,6,12,was,VBD
2,6,13,not,RB
2,6,14,illuminated,VBN
2,6,15,by,IN
2,6,16,aurora,NN
2,6,17,.,.
3,7,1,I,PRP
3,7,2,agree,VBP
3,7,3,that,IN
3,7,4,California,NNP
3,7,5,',POS
3,7,6,s,PRP$
3,7,7,"""",LRB-
3,7,8,three,CD
3,7,9,strikes,NNS
3,7,10,and,CC
3,7,11,you,PRP
3,7,12,' re,VBP
3,7,13,out,IN
3,7,14,"""",RRB-
3,7,15,law,NN
3,7,16,will,MD
3,7,17,be,VB
3,7,18,a,DT
3,7,19,financial,JJ
3,7,20,disaster,NN
3,7,21,for,IN
3,7,22,taxpayers,NNS
3,7,23,who,WP
3,7,24,care,VBP
3,7,25,about,IN
3,7,26,education,NN
3,7,27,and,CC
3,7,28,other vital,JJ
3,7,29,services,NNS
3,7,30,.,.
3,8,1,But,CC
3,8,2,it,PRP
3,8,3,' s,VBZ
3,8,4,far,RB
3,8,5,from,IN
3,8,6,clear,JJ
3,8,7,that,IN
3,8,8,the,DT
3,8,9,law,NN
3,8,10,can,MD
3,8,11,even,RB
3,8,12,be,VB
3,8,13,credited,VBN
3,8,14,with,IN
3,8,15,a,DT
3,8,16,reduction,NN
3,8,17,in,IN
3,8,18,crime,NN
3,8,19,in,IN
3,8,20,California,NNP
3,8,21,.,.
3,9,1,While,IN
3,9,2,it,PRP
3,9,3,' s,VBZ
3,9,4,true,JJ
3,9,5,that,DT
3,9,6,crime,NN
3,9,7,declined,VBD
3,9,8,in,IN
3,9,9,California,NNP
3,9,10,last,JJ
3,9,11,year,NN
3,9,12,",",","
3,9,13,crime,NN
3,9,14,also,RB
3,9,15,dropped,VBD
3,9,16,nationwide,RB
3,9,17,.,.
4,10,1,Liza,NNP
4,10,2,was,VBD
4,10,3,in,IN
4,10,4,a,DT
4,10,5,bad,JJ
4,10,6,temper,NN
4,10,7,",",","
4,10,8,for,IN
4,10,9,she,PRP
4,10,10,was,VBD
4,10,11,mixing,VBG
4,10,12,the,DT
4,10,13,Christmas,NNP
4,10,14,puddings,NNS
4,10,15,in,IN
4,10,16,the,DT
4,10,17,kitchen,NN
4,10,18,",",","
4,10,19,and,CC
4,10,20,had,VBD
4,10,21,been drawn,VBN
4,10,22,from,IN
4,10,23,them,PRP
4,10,24,",",","
4,10,25,with,IN
4,10,26,a,DT
4,10,27,raisin,NN
4,10,28,still,RB
4,10,29,on,IN
4,10,30,her,PRP$
4,10,31,cheek,NN
4,10,32,",",","
4,10,33,by,IN
4,10,34,Nana,NNP
4,10,35,',POS
4,10,36,s,PRP$
4,10,37,absurd,JJ
4,10,38,suspicions,NNS
4,10,39,.,.
4,11,1,She,PRP
4,11,2,thought,VBD
4,11,3,the,DT
4,11,4,best,JJS
4,11,5,way,NN
4,11,6,of,IN
4,11,7,getting,VBG
4,11,8,a,DT
4,11,9,little,JJ
4,11,10,quiet,NN
4,11,11,was,VBD
4,11,12,to,TO
4,11,13,take,VB
4,11,14,Nana,NNP
4,11,15,to,TO
4,11,16,the,DT
4,11,17,nursery,NN
4,11,18,for,IN
4,11,19,a,DT
4,11,20,moment,NN
4,11,21,",",","
4,11,22,but,CC
4,11,23,in,IN
4,11,24,custody,NN
4,11,25,of,IN
4,11,26,course,NN
4,11,27,.,.
5,12,1,Mrs,NNP
5,12,2,.,.
5,13,1,Darling,NNP
5,13,2,quivered,VBD
5,13,3,and,CC
5,13,4,went,VBD
5,13,5,to,TO
5,13,6,the,DT
5,13,7,window,NN
5,13,8,.,.
5,14,1,It,PRP
5,14,2,was,VBD
5,14,3,securely,RB
5,14,4,fastened,VBN
5,14,5,.,.
5,15,1,She,PRP
5,15,2,looked,VBD
5,15,3,out,RB
5,15,4,",",","
5,15,5,and,CC
5,15,6,the,DT
5,15,7,night,NN
5,15,8,was,VBD
5,15,9,peppered,VBN
5,15,10,with,IN
5,15,11,stars,NNS
5,15,12,.,.
5,16,1,They,PRP
5,16,2,were,VBD
5,16,3,crowding,VBG
5,16,4,round,IN
5,16,5,the,DT
5,16,6,house,NN
5,16,7,",",","
5,16,8,as if,IN
5,16,9,curious,JJ
5,16,10,to,TO
5,16,11,see,VB
5,16,12,what,WP
5,16,13,was,VBD
5,16,14,to,TO
5,16,15,take,VB
5,16,16,place,NN
5,16,17,there,RB
5,16,18,",",","
5,16,19,but,CC
5,16,20,she,PRP
5,16,21,did,VBD
5,16,22,not,RB
5,16,23,notice,VB
5,16,24,this,DT
5,16,25,",",","
5,16,26,nor,CC
5,16,27,that,IN
5,16,28,one,CD
5,16,29,or,CC
5,16,30,two,CD
5,16,31,of,IN
5,16,32,the,DT
5,16,33,smaller,JJR
5,16,34,ones,NNS
5,16,35,winked,VBD
5,16,36,at,IN
5,16,37,her,PRP
5,16,38,.,.
6,17,1,Seeing,VBG
6,17,2,Peter,NNP
6,17,3,slowly,RB
6,17,4,advancing,VBG
6,17,5,upon,IN
6,17,6,him,PRP
6,17,7,through,IN
6,17,8,the,DT
6,17,9,air,NN
6,17,10,with,IN
6,17,11,dagger,NN
6,17,12,poised,VBN
6,17,13,",",","
6,17,14,he,PRP
6,17,15,sprang,VBD
6,17,16,upon,IN
6,17,17,the,DT
6,17,18,bulwarks,NNS
6,17,19,to,TO
6,17,20,cast,VB
6,17,21,himself,PRP
6,17,22,into,IN
6,17,23,the,DT
6,17,24,sea,NN
6,17,25,.,.
6,18,1,He,PRP
6,18,2,did,VBD
6,18,3,not,RB
6,18,4,know,VB
6,18,5,that,IN
6,18,6,the,DT
6,18,7,crocodile,NN
6,18,8,was,VBD
6,18,9,waiting,VBG
6,18,10,for,IN
6,18,11,him,PRP
6,18,12,;,:
6,18,13,for,IN
6,18,14,we,PRP
6,18,15,purposely,RB
6,18,16,stopped,VBD
6,18,17,the,DT
6,18,18,clock,NN
6,18,19,that,IN
6,18,20,this,DT
6,18,21,knowledge,NN
6,18,22,might,MD
6,18,23,be,VB
6,18,24,spared,VBN
6,18,25,him,PRP
6,18,26,:,:
6,18,27,a,DT
6,18,28,little,JJ
6,18,29,mark,NN
6,18,30,of,IN
6,18,31,respect,NN
6,18,32,from,IN
6,18,33,us,PRP
6,18,34,at,IN
6,18,35,the,DT
6,18,36,end,NN
6,18,37,.,.
7,19,1,Dorothy,NNP
7,19,2,didn,VBD
7,19,3,' t,RB
7,19,4,know,VB
7,19,5,.,.
7,20,1,She,PRP
7,20,2,looked,VBD
7,20,3,around,IN
7,20,4,her,PRP
7,20,5,anxiously,RB
7,20,6,for,IN
7,20,7,some,DT
7,20,8,familiar,JJ
7,20,9,landmark,NN
7,20,10,;,:
7,20,11,but,CC
7,20,12,everything,NN
7,20,13,was,VBD
7,20,14,strange,JJ
7,20,15,.,.
7,21,1,Between,IN
7,21,2,the,DT
7,21,3,branches,NNS
7,21,4,of,IN
7,21,5,the,DT
7,21,6,many,JJ
7,21,7,roads,NNS
7,21,8,were,VBD
7,21,9,green,JJ
7,21,10,meadows,NNS
7,21,11,and,CC
7,21,12,a,DT
7,21,13,few,JJ
7,21,14,shrubs,NNS
7,21,15,and,CC
7,21,16,trees,NNS
7,21,17,",",","
7,21,18,but,CC
7,21,19,she,PRP
7,21,20,couldn,VBD
7,21,21,' t,RB
7,21,22,see,VB
7,21,23,the,DT
7,21,24,farm,NN
7,21,25,-,:
7,21,26,house,NN
7,21,27,from,IN
7,21,28,which,WDT
7,21,29,she,PRP
7,21,30,had,VBD
7,21,31,just,RB
7,21,32,come,VBN
7,21,33,",",","
7,21,34,or,CC
7,21,35,anything,NN
7,21,36,she,PRP
7,21,37,had,VBD
7,21,38,ever,RB
7,21,39,seen,VBN
7,21,40,before,RB
7,21,41,",",","
7,21,42,except,IN
7,21,43,the,DT
7,21,44,shaggy,JJ
7,21,45,man,NN
7,21,46,and,CC
7,21,47,Toto,NNP
7,21,48,.,.
8,22,1,The,DT
8,22,2,human,JJ
8,22,3,body,NN
8,22,4,can,MD
8,22,5,tolerate,VB
8,22,6,only,RB
8,22,7,a,DT
8,22,8,small,JJ
8,22,9,range,NN
8,22,10,of,IN
8,22,11,temperature,NN
8,22,12,",",","
8,22,13,especially,RB
8,22,14,when,WRB
8,22,15,the,DT
8,22,16,person,NN
8,22,17,is,VBZ
8,22,18,engaged,VBN
8,22,19,in,IN
8,22,20,vigorous,JJ
8,22,21,activity,NN
8,22,22,.,.
8,23,1,Heat,NN
8,23,2,reactions,NNS
8,23,3,usually,RB
8,23,4,occur,VBP
8,23,5,when,WRB
8,23,6,large,JJ
8,23,7,amounts,NNS
8,23,8,of,IN
8,23,9,water,NN
8,23,10,and,CC
8,23,11,/,:
8,23,12,or,CC
8,23,13,salt,NN
8,23,14,are,VBP
8,23,15,lost,VBN
8,23,16,through,IN
8,23,17,excessive,JJ
8,23,18,sweating,NN
8,23,19,following,VBG
8,23,20,strenuous,JJ
8,23,21,exercise,NN
8,23,22,.,.
8,24,1,When,WRB
8,24,2,the,DT
8,24,3,body,NN
8,24,4,becomes,VBZ
8,24,5,overheated,VBN
8,24,6,and,CC
8,24,7,cannot,MD
8,24,8,eliminate,VB
8,24,9,this,DT
8,24,10,excess,JJ
8,24,11,heat,NN
8,24,12,",",","
8,24,13,heat exhaustion,NN
8,24,14,and,CC
8,24,15,heat stroke,NN
8,24,16,are,VBP
8,24,17,possible,JJ
8,24,18,.,.
9,25,1,It,PRP
9,25,2,was,VBD
9,25,3,a,DT
9,25,4,forbidding,JJ
9,25,5,challenge,NN
9,25,6,",",","
9,25,7,and,CC
9,25,8,it,PRP
9,25,9,says,VBZ
9,25,10,much,JJ
9,25,11,for,IN
9,25,12,Winstanley,NNP
9,25,13,',POS
9,25,14,s,PRP$
9,25,15,persuasive,JJ
9,25,16,abilities,NNS
9,25,17,",",","
9,25,18,not,RB
9,25,19,to,TO
9,25,20,mention,VB
9,25,21,his,PRP$
9,25,22,self,NN
9,25,23,-,:
9,25,24,confidence,NN
9,25,25,",",","
9,25,26,that,IN
9,25,27,the,DT
9,25,28,admiralty,NN
9,25,29,agreed,VBD
9,25,30,to,TO
9,25,31,fund,VB
9,25,32,him,PRP
9,25,33,.,.
9,26,1,No,DT
9,26,2,lighthouse,NN
9,26,3,had,VBD
9,26,4,ever,RB
9,26,5,been built,VBN
9,26,6,out,IN
9,26,7,to,TO
9,26,8,sea,NN
9,26,9,on,IN
9,26,10,an,DT
9,26,11,isolated,JJ
9,26,12,rock,NN
9,26,13,before,RB
9,26,14,.,.
9,27,1,The,DT
9,27,2,Eddystone,NNP
9,27,3,is,VBZ
9,27,4,hard,JJ
9,27,5,enough,RB
9,27,6,to,TO
9,27,7,avoid,VB
9,27,8,",",","
9,27,9,but,CC
9,27,10,landing,VBG
9,27,11,on,IN
9,27,12,it,PRP
9,27,13,is,VBZ
9,27,14,a,DT
9,27,15,separate,JJ
9,27,16,challenge,NN
9,27,17,entirely,RB
9,27,18,.,.
10,28,1,A,DT
10,28,2,clergyman,NN
10,28,3,remarked,VBD
10,28,4,to,TO
10,28,5,him,PRP
10,28,6,",",","
10,28,7,"""",LRB-
10,28,8,The,DT
10,28,9,Lord,NNP
10,28,10,is,VBZ
10,28,11,on,IN
10,28,12,our,PRP$
10,28,13,side,NN
10,28,14,". """,.
10,29,1,I,PRP
10,29,2,am,VBP
10,29,3,not,RB
10,29,4,at,IN
10,29,5,all,DT
10,29,6,concerned,VBN
10,29,7,about,IN
10,29,8,that,DT
10,29,9,",",","
10,29,10,replied,VBD
10,29,11,Mr,NNP
10,29,12,.,.
10,29,13,Lincoln,NNP
10,29,14,"; """,:
10,29,15,for,IN
10,29,16,I,PRP
10,29,17,know,VBP
10,29,18,that,IN
10,29,19,the,DT
10,29,20,Lord,NNP
10,29,21,is,VBZ
10,29,22,always,RB
10,29,23,on,IN
10,29,24,the,DT
10,29,25,side,NN
10,29,26,of,IN
10,29,27,the,DT
10,29,28,right,NN
10,29,29,.,.
10,30,1,But,CC
10,30,2,it,PRP
10,30,3,is,VBZ
10,30,4,my,PRP$
10,30,5,constant,JJ
10,30,6,anxiety,NN
10,30,7,and,CC
10,30,8,prayer,NN
10,30,9,that,IN
10,30,10,I,PRP
10,30,11,and,CC
10,30,12,this,DT
10,30,13,nation,NN
10,30,14,should,MD
10,30,15,be,VB
10,30,16,on,IN
10,30,17,the,DT
10,30,18,Lord,NNP
10,30,19,' s,POS
10,30,20,side,NN
10,30,21,". """,.
11,31,1,Known,VBN
11,31,2,as,IN
11,31,3,Rapa Nui,NNP
11,31,4,to,TO
11,31,5,the,DT
11,31,6,island,NN
11,31,7,',POS
11,31,8,s,PRP$
11,31,9,inhabitants,NNS
11,31,10,",",","
11,31,11,Rongorongo,NNP
11,31,12,is,VBZ
11,31,13,a,DT
11,31,14,writing system,NN
11,31,15,comprised,VBN
11,31,16,of,IN
11,31,17,pictographs,NNS
11,31,18,.,.
11,32,1,It,PRP
11,32,2,has,VBZ
11,32,3,been found carved,VBN
11,32,4,into,IN
11,32,5,many oblong wooden,JJ
11,32,6,tablets,NNS
11,32,7,and,CC
11,32,8,other,JJ
11,32,9,artifacts,NNS
11,32,10,from,IN
11,32,11,the,DT
11,32,12,island,NN
11,32,13,',POS
11,32,14,s,PRP$
11,32,15,history,NN
11,32,16,.,.
11,33,1,The,DT
11,33,2,art,NN
11,33,3,of,IN
11,33,4,writing,NN
11,33,5,was,VBD
11,33,6,not,RB
11,33,7,known,VBN
11,33,8,in,IN
11,33,9,any,DT
11,33,10,nearby,JJ
11,33,11,islands,NNS
11,33,12,and,CC
11,33,13,the,DT
11,33,14,script,NN
11,33,15,',POS
11,33,16,s,PRP$
11,33,17,mere,JJ
11,33,18,existence,NN
11,33,19,is,VBZ
11,33,20,sufficient,JJ
11,33,21,to,TO
11,33,22,confound,VB
11,33,23,anthropologists,NNS
11,33,24,.,.
12,34,1,Some,DT
12,34,2,months,NNS
12,34,3,later,RB
12,34,4,",",","
12,34,5,Michael Larson,NNP
12,34,6,saw,VBD
12,34,7,another,DT
12,34,8,opportunity,NN
12,34,9,to,TO
12,34,10,stack,VB
12,34,11,the,DT
12,34,12,odds,NNS
12,34,13,in,IN
12,34,14,his,PRP$
12,34,15,favor,NN
12,34,16,with,IN
12,34,17,a,DT
12,34,18,dash,NN
12,34,19,of,IN
12,34,20,ingenuity,NN
12,34,21,.,.
12,35,1,He,PRP
12,35,2,walked,VBD
12,35,3,into,IN
12,35,4,his,PRP$
12,35,5,bank,NN
12,35,6,one,CD
12,35,7,day,NN
12,35,8,and,CC
12,35,9,asked,VBD
12,35,10,to,TO
12,35,11,withdraw,VB
12,35,12,his,PRP$
12,35,13,entire,JJ
12,35,14,account balance,NN
12,35,15,",",","
12,35,16,but,CC
12,35,17,with,IN
12,35,18,an,DT
12,35,19,unusual,JJ
12,35,20,stipulation,NN
12,35,21,:,:
12,35,22,He,PRP
12,35,23,wanted,VBD
12,35,24,as,RB
12,35,25,much,JJ
12,35,26,of,IN
12,35,27,the,DT
12,35,28,cash,NN
12,35,29,as,IN
12,35,30,possible,JJ
12,35,31,in,IN
12,35,32,one,CD
12,35,33,dollar,NN
12,35,34,notes,NNS
12,35,35,.,.
13,36,1,Bob Murphy,NNP
13,36,2,",",","
13,36,3,the,DT
13,36,4,Senior PGA Tour,NNP
13,36,5,money leader,NN
13,36,6,with,IN
13,36,7,seven hundred thousand,CD
13,36,8,",",","
13,36,9,says,VBZ
13,36,10,heat,NN
13,36,11,shouldn,MD
13,36,12,' t,RB
13,36,13,be,VB
13,36,14,a,DT
13,36,15,factor,NN
13,36,16,.,.
13,37,1,"""",LRB-
13,37,2,I,PRP
13,37,3,don,VBP
13,37,4,' t,RB
13,37,5,think,VB
13,37,6,you,PRP
13,37,7,' re,VBP
13,37,8,going,VBG
13,37,9,to,TO
13,37,10,have,VB
13,37,11,a,DT
13,37,12,heat wave,NN
13,37,13,I,PRP
13,37,14,' m,VBP
13,37,15,not,RB
13,37,16,going,VBG
13,37,17,to,TO
13,37,18,be,VB
13,37,19,able,JJ
13,37,20,to,TO
13,37,21,handle,VB
13,37,22,", """,","
13,37,23,he,PRP
13,37,24,said,VBD
13,37,25,.,.
13,38,1,"""",RRB-
13,38,2,Everybody,NN
13,38,3,treats,VBZ
13,38,4,it,PRP
13,38,5,differently,RB
13,38,6,.,.
13,39,1,My,PRP$
13,39,2,son,NN
13,39,3,Ronnie,NNP
13,39,4,",",","
13,39,5,his,PRP$
13,39,6,caddie,NN
13,39,7,",",","
13,39,8,and,CC
13,39,9,I,PRP
13,39,10,won,MD
13,39,11,' t,RB
13,39,12,be,VB
13,39,13,riding,VBG
13,39,14,carts,NNS
13,39,15,.,.
14,40,1,With,IN
14,40,2,schools,NNS
14,40,3,still,RB
14,40,4,closed,VBN
14,40,5,",",","
14,40,6,cars,NNS
14,40,7,still,RB
14,40,8,buried,VBN
14,40,9,and,CC
14,40,10,streets,NNS
14,40,11,still,RB
14,40,12,blocked,VBN
14,40,13,by,IN
14,40,14,the,DT
14,40,15,widespread,JJ
14,40,16,weekend snowstorm,NN
14,40,17,",",","
14,40,18,officials,NNS
14,40,19,are,VBP
14,40,20,asking,VBG
14,40,21,people,NNS
14,40,22,to,TO
14,40,23,pick,VB
14,40,24,up,RP
14,40,25,a,DT
14,40,26,shovel,NN
14,40,27,and,CC
14,40,28,help,VB
14,40,29,out,RP
14,40,30,.,.
14,41,1,In,IN
14,41,2,Boston,NNP
14,41,3,",",","
14,41,4,a,DT
14,41,5,"""",LRB-
14,41,6,snow angel,NN
14,41,7,"""",RRB-
14,41,8,campaign,NN
14,41,9,is,VBZ
14,41,10,using,VBG
14,41,11,social,JJ
14,41,12,media,NNS
14,41,13,to,TO
14,41,14,encourage,VB
14,41,15,neighbors,NNS
14,41,16,and,CC
14,41,17,friends,NNS
14,41,18,to,TO
14,41,19,be,VB
14,41,20,an,DT
14,41,21,angel,NN
14,41,22,and,CC
14,41,23,help dig,VB
14,41,24,out,RP
14,41,25,the,DT
14,41,26,stranded,VBN
14,41,27,.,.
15,42,1,Greg Anderson,NNP
15,42,2,",",","
15,42,3,considered,VBN
15,42,4,a,DT
15,42,5,key,JJ
15,42,6,witness,NN
15,42,7,by,IN
15,42,8,the,DT
15,42,9,prosecution,NN
15,42,10,",",","
15,42,11,vowed,VBD
15,42,12,he,PRP
15,42,13,wouldn,MD
15,42,14,' t,RB
15,42,15,testify,VB
15,42,16,when,WRB
15,42,17,served,VBD
15,42,18,a,DT
15,42,19,subpoena,NN
15,42,20,last,JJ
15,42,21,week,NN
15,42,22,.,.
15,43,1,His,PRP$
15,43,2,lawyers,NNS
15,43,3,said,VBD
15,43,4,he,PRP
15,43,5,was,VBD
15,43,6,prepared,VBN
15,43,7,for,IN
15,43,8,a,DT
15,43,9,third,JJ
15,43,10,prison stay,NN
15,43,11,to,TO
15,43,12,maintain,VB
15,43,13,his,PRP$
15,43,14,silence,NN
15,43,15,.,.
15,44,1,Anderson,NNP
15,44,2,was,VBD
15,44,3,released,VBN
15,44,4,July,NNP
15,44,5,20,CD
15,44,6,after,IN
15,44,7,a,DT
15,44,8,two - week,JJ
15,44,9,stay,NN
15,44,10,for,IN
15,44,11,previously,RB
15,44,12,declining,VBG
15,44,13,to,TO
15,44,14,testify,VB
15,44,15,before,IN
15,44,16,a,DT
15,44,17,different grand,JJ
15,44,18,jury,NN
15,44,19,.,.
16,45,1,Steam sterilization,NN
16,45,2,is,VBZ
16,45,3,limited,VBN
16,45,4,in,IN
16,45,5,the,DT
16,45,6,types,NNS
16,45,7,of,IN
16,45,8,medical,JJ
16,45,9,waste,NN
16,45,10,it,PRP
16,45,11,can,MD
16,45,12,treat,VB
16,45,13,",",","
16,45,14,but,CC
16,45,15,is,VBZ
16,45,16,appropriate,JJ
16,45,17,for,IN
16,45,18,laboratory,NN
16,45,19,cultures,NNS
16,45,20,and,CC
16,45,21,substances,NNS
16,45,22,contaminated,VBN
16,45,23,with,IN
16,45,24,infectious,JJ
16,45,25,organisms,NNS
16,45,26,.,.
16,46,1,The,DT
16,46,2,waste,NN
16,46,3,is,VBZ
16,46,4,subjected,VBN
16,46,5,to,TO
16,46,6,steam,NN
16,46,7,in,IN
16,46,8,a,DT
16,46,9,sealed,VBN
16,46,10,",",","
16,46,11,pressurized,VBN
16,46,12,chamber,NN
16,46,13,.,.
16,47,1,The,DT
16,47,2,liquid,NN
16,47,3,that,WDT
16,47,4,may,MD
16,47,5,form,VB
16,47,6,is,VBZ
16,47,7,drained,VBN
16,47,8,off,RP
16,47,9,to,TO
16,47,10,the,DT
16,47,11,sewer,NN
16,47,12,or,CC
16,47,13,sent,VBN
16,47,14,for,IN
16,47,15,processing,NN
16,47,16,.,.
17,48,1,Owls,NNS
17,48,2,are,VBP
17,48,3,more,RBR
17,48,4,flexible,JJ
17,48,5,than,IN
17,48,6,humans,NNS
17,48,7,because,IN
17,48,8,a,DT
17,48,9,bird,NN
17,48,10,',POS
17,48,11,s,PRP$
17,48,12,head,NN
17,48,13,is,VBZ
17,48,14,only,RB
17,48,15,connected,VBN
17,48,16,by,IN
17,48,17,one,CD
17,48,18,socket pivot,NN
17,48,19,.,.
17,49,1,People,NNS
17,49,2,have,VBP
17,49,3,two,CD
17,49,4,",",","
17,49,5,which,WDT
17,49,6,limits,VBZ
17,49,7,our,PRP$
17,49,8,ability,NN
17,49,9,to,TO
17,49,10,twist,VB
17,49,11,",",","
17,49,12,Forsman,NNP
17,49,13,added,VBD
17,49,14,.,.
17,50,1,Owls,NNS
17,50,2,also,RB
17,50,3,have,VBP
17,50,4,multiple,JJ
17,50,5,vertebrae,NNS
17,50,6,",",","
17,50,7,the,DT
17,50,8,small,JJ
17,50,9,bones,NNS
17,50,10,that,WDT
17,50,11,make,VBP
17,50,12,up,RP
17,50,13,the,DT
17,50,14,neck,NN
17,50,15,and,CC
17,50,16,spine,NN
17,50,17,",",","
17,50,18,helping,VBG
17,50,19,them,PRP
17,50,20,achieve,VB
17,50,21,a,DT
17,50,22,wide,JJ
17,50,23,range,NN
17,50,24,of,IN
17,50,25,motion,NN
17,50,26,.,.
18,51,1,Even,RB
18,51,2,in,IN
18,51,3,the,DT
18,51,4,same,JJ
18,51,5,animal,NN
18,51,6,",",","
18,51,7,not,RB
18,51,8,all,DT
18,51,9,bites,NNS
18,51,10,are,VBP
18,51,11,the,DT
18,51,12,same,JJ
18,51,13,.,.
18,52,1,A,DT
18,52,2,new,JJ
18,52,3,study,NN
18,52,4,finds,VBZ
18,52,5,that because,IN
18,52,6,the,DT
18,52,7,force,NN
18,52,8,in,IN
18,52,9,a,DT
18,52,10,muscle,NN
18,52,11,depends,VBZ
18,52,12,on,IN
18,52,13,how,WRB
18,52,14,much,JJ
18,52,15,it,PRP
18,52,16,is,VBZ
18,52,17,stretched,VBN
18,52,18,",",","
18,52,19,an,DT
18,52,20,animal,NN
18,52,21,',POS
18,52,22,s,PRP$
18,52,23,bite force,NN
18,52,24,depends,VBZ
18,52,25,on,IN
18,52,26,the,DT
18,52,27,size,NN
18,52,28,of,IN
18,52,29,what,WP
18,52,30,it,PRP
18,52,31,is,VBZ
18,52,32,biting,VBG
18,52,33,.,.
18,53,1,The,DT
18,53,2,finding,NN
18,53,3,has,VBZ
18,53,4,direct,JJ
18,53,5,implications,NNS
18,53,6,for,IN
18,53,7,ecology,NN
18,53,8,and,CC
18,53,9,evolution,NN
18,53,10,.,.
19,54,1,Interestingly,RB
19,54,2,",",","
19,54,3,the,DT
19,54,4,heaviest,JJS
19,54,5,isotopes physicists,NNS
19,54,6,have,VBP
19,54,7,managed,VBN
19,54,8,to,TO
19,54,9,synthesize,VB
19,54,10,so far,RB
19,54,11,don,VBP
19,54,12,' t,RB
19,54,13,behave,VB
19,54,14,quite,RB
19,54,15,like,IN
19,54,16,science,NN
19,54,17,',POS
19,54,18,s,DT
19,54,19,best,JJS
19,54,20,current,JJ
19,54,21,models,NNS
19,54,22,predict,VBP
19,54,23,",",","
19,54,24,so,RB
19,54,25,stable superheavy,JJ
19,54,26,nuclei,NNS
19,54,27,are,VBP
19,54,28,likely,JJ
19,54,29,to,TO
19,54,30,be,VB
19,54,31,full,JJ
19,54,32,of,IN
19,54,33,surprises,NNS
19,54,34,.,.
19,55,1,Chemists,NNS
19,55,2,cannot,MD
19,55,3,even,RB
19,55,4,predict,VB
19,55,5,with,IN
19,55,6,any,DT
19,55,7,certainty,NN
19,55,8,whether,IN
19,55,9,these,DT
19,55,10,materials,NNS
19,55,11,will,MD
19,55,12,exist,VB
19,55,13,as,IN
19,55,14,gases,NNS
19,55,15,",",","
19,55,16,liquids,NNS
19,55,17,",",","
19,55,18,or,CC
19,55,19,solids,NNS
19,55,20,at,IN
19,55,21,room temperature,NN
19,55,22,.,.
20,56,1,Buck,NNP
20,56,2,did,VBD
20,56,3,not,RB
20,56,4,like,IN
20,56,5,it,PRP
20,56,6,",",","
20,56,7,but,CC
20,56,8,he,PRP
20,56,9,bore,VBD
20,56,10,up,RP
20,56,11,well,RB
20,56,12,to,TO
20,56,13,the,DT
20,56,14,work,NN
20,56,15,",",","
20,56,16,taking,VBG
20,56,17,pride,NN
20,56,18,in,IN
20,56,19,it,PRP
20,56,20,.,.
20,57,1,It,PRP
20,57,2,was,VBD
20,57,3,a,DT
20,57,4,monotonous,JJ
20,57,5,life,NN
20,57,6,",",","
20,57,7,operating,VBG
20,57,8,with,IN
20,57,9,machine,JJ
20,57,10,-,:
20,57,11,like,JJ
20,57,12,regularity,NN
20,57,13,.,.
20,58,1,One,CD
20,58,2,day,NN
20,58,3,was,VBD
20,58,4,very,RB
20,58,5,like,IN
20,58,6,another,DT
20,58,7,.,.
20,59,1,At,IN
20,59,2,a,DT
20,59,3,certain,JJ
20,59,4,time,NN
20,59,5,each,DT
20,59,6,morning,NN
20,59,7,the,DT
20,59,8,cooks,NNS
20,59,9,turned,VBD
20,59,10,out,RP
20,59,11,",",","
20,59,12,fires,NNS
20,59,13,were,VBD
20,59,14,built,VBN
20,59,15,",",","
20,59,16,and,CC
20,59,17,breakfast,NN
20,59,18,was,VBD
20,59,19,eaten,VBN
20,59,20,.,.
21,60,1,These,DT
21,60,2,days,NNS
21,60,3,",",","
21,60,4,neuroscience,NN
21,60,5,is,VBZ
21,60,6,beginning,VBG
21,60,7,to,TO
21,60,8,catch,VB
21,60,9,up,RP
21,60,10,to,TO
21,60,11,musicians,NNS
21,60,12,who,WP
21,60,13,practice,VBP
21,60,14,mentally,RB
21,60,15,.,.
21,61,1,Although,IN
21,61,2,the,DT
21,61,3,details,NNS
21,61,4,are,VBP
21,61,5,still somewhat,RB
21,61,6,elusive,JJ
21,61,7,",",","
21,61,8,the,DT
21,61,9,key,NN
21,61,10,to,TO
21,61,11,the,DT
21,61,12,success,NN
21,61,13,of,IN
21,61,14,mental,JJ
21,61,15,imagery,NN
21,61,16,as,IN
21,61,17,a,DT
21,61,18,rehearsal technique,NN
21,61,19,is,VBZ
21,61,20,that,IN
21,61,21,most,JJS
21,61,22,of,IN
21,61,23,the,DT
21,61,24,same neurological,JJ
21,61,25,regions,NNS
21,61,26,are,VBP
21,61,27,invoked,VBN
21,61,28,by,IN
21,61,29,mental,JJ
21,61,30,practice,NN
21,61,31,as by,IN
21,61,32,real,JJ
21,61,33,practice,NN
21,61,34,.,.
22,62,1,Not only,RB
22,62,2,smoke,NN
22,62,3,came,VBD
22,62,4,out of,IN
22,62,5,it,PRP
22,62,6,.,.
22,63,1,There,EX
22,63,2,came,VBD
22,63,3,also,RB
22,63,4,children,NNS
22,63,5,' s,POS
22,63,6,voices,NNS
22,63,7,",",","
22,63,8,for,IN
22,63,9,so,RB
22,63,10,safe,JJ
22,63,11,did,VBD
22,63,12,the,DT
22,63,13,boys,NNS
22,63,14,feel,VB
22,63,15,in,IN
22,63,16,their,PRP$
22,63,17,hiding,NN
22,63,18,-,:
22,63,19,place,NN
22,63,20,that,IN
22,63,21,they,PRP
22,63,22,were,VBD
22,63,23,gaily,RB
22,63,24,chattering,VBG
22,63,25,.,.
22,64,1,The,DT
22,64,2,pirates,NNS
22,64,3,listened,VBD
22,64,4,grimly,RB
22,64,5,",",","
22,64,6,and,CC
22,64,7,then,RB
22,64,8,replaced,VBD
22,64,9,the,DT
22,64,10,mushroom,NN
22,64,11,.,.
22,65,1,They,PRP
22,65,2,looked,VBD
22,65,3,around,IN
22,65,4,them,PRP
22,65,5,and,CC
22,65,6,noted,VBD
22,65,7,the,DT
22,65,8,holes,NNS
22,65,9,in,IN
22,65,10,the,DT
22,65,11,seven,CD
22,65,12,trees,NNS
22,65,13,.,.
23,66,1,When,WRB
23,66,2,a,DT
23,66,3,nucleus,NN
23,66,4,has,VBZ
23,66,5,all,DT
23,66,6,of,IN
23,66,7,its,PRP$
23,66,8,proton,NN
23,66,9,shells,NNS
23,66,10,or,CC
23,66,11,neutron,NN
23,66,12,shells,NNS
23,66,13,loaded,VBN
23,66,14,to,TO
23,66,15,full,JJ
23,66,16,capacity,NN
23,66,17,",",","
23,66,18,the,DT
23,66,19,layers,NNS
23,66,20,can,MD
23,66,21,align,VB
23,66,22,so well,RB
23,66,23,that,IN
23,66,24,each,DT
23,66,25,shell,NN
23,66,26,can,MD
23,66,27,spoon,VB
23,66,28,intimately,RB
23,66,29,with,IN
23,66,30,its,PRP$
23,66,31,attractive,JJ
23,66,32,neighbors,NNS
23,66,33,",",","
23,66,34,forming,VBG
23,66,35,a,DT
23,66,36,more,RBR
23,66,37,compact,JJ
23,66,38,sphere,NN
23,66,39,that,WDT
23,66,40,fits,VBZ
23,66,41,well,RB
23,66,42,within,IN
23,66,43,the,DT
23,66,44,strong nuclear,JJ
23,66,45,force,NN
23,66,46,',POS
23,66,47,s,PRP$
23,66,48,area,NN
23,66,49,of,IN
23,66,50,influence,NN
23,66,51,.,.
24,67,1,Hybrid,JJ
24,67,2,vehicles,NNS
24,67,3,have,VBP
24,67,4,a,DT
24,67,5,halo,NN
24,67,6,that,WDT
24,67,7,makes,VBZ
24,67,8,owners,NNS
24,67,9,feel,VB
24,67,10,righteous,JJ
24,67,11,and,CC
24,67,12,their,PRP$
24,67,13,neighbors,NNS
24,67,14,feel,VB
24,67,15,guilty,JJ
24,67,16,for,IN
24,67,17,not,RB
24,67,18,doing,VBG
24,67,19,as,RB
24,67,20,much,JJ
24,67,21,to,TO
24,67,22,save,VB
24,67,23,the,DT
24,67,24,planet,NN
24,67,25,.,.
24,68,1,They,PRP
24,68,2,also,RB
24,68,3,cost,VBD
24,68,4,more,JJR
24,68,5,and,CC
24,68,6,a,DT
24,68,7,new,JJ
24,68,8,report,NN
24,68,9,from,IN
24,68,10,the,DT
24,68,11,very,RB
24,68,12,green,JJ
24,68,13,Union,NNP
24,68,14,of,IN
24,68,15,Concerned,NNP
24,68,16,Scientists,NNPS
24,68,17,says,VBZ
24,68,18,buyers,NNS
24,68,19,aren,VBP
24,68,20,' t always,RB
24,68,21,getting,VBG
24,68,22,their,PRP$
24,68,23,money,NN
24,68,24,' s,POS
24,68,25,worth,NN
24,68,26,.,.
25,69,1,The,DT
25,69,2,girl,NN
25,69,3,',POS
25,69,4,s,PRP$
25,69,5,feet,NNS
25,69,6,were,VBD
25,69,7,then,RB
25,69,8,re,VBN
25,69,9,-,:
25,69,10,wrapped,VBN
25,69,11,even,RB
25,69,12,tighter,RBR
25,69,13,than,IN
25,69,14,before,RB
25,69,15,",",","
25,69,16,causing,VBG
25,69,17,her,PRP$
25,69,18,footprint,NN
25,69,19,to,TO
25,69,20,shrink,VB
25,69,21,further,RBR
25,69,22,as,IN
25,69,23,the,DT
25,69,24,bones,NNS
25,69,25,slowly,RB
25,69,26,fused,VBD
25,69,27,into,IN
25,69,28,their,PRP$
25,69,29,new,JJ
25,69,30,configuration,NN
25,69,31,.,.
25,70,1,Occasionally,RB
25,70,2,girls,NNS
25,70,3,',POS
25,70,4,feet,NNS
25,70,5,would,MD
25,70,6,fester,VB
25,70,7,",",","
25,70,8,and,CC
25,70,9,blood poisoning,NN
25,70,10,from,IN
25,70,11,gangrene,NN
25,70,12,could,MD
25,70,13,be,VB
25,70,14,a,DT
25,70,15,cause,NN
25,70,16,for,IN
25,70,17,concern,NN
25,70,18,",",","
25,70,19,but,CC
25,70,20,an,DT
25,70,21,estimated,VBN
25,70,22,90,CD
25,70,23,%,NN
25,70,24,survived,VBD
25,70,25,the,DT
25,70,26,process,NN
25,70,27,.,.
26,71,1,An,DT
26,71,2,early,JJ
26,71,3,task,NN
26,71,4,will,MD
26,71,5,be,VB
26,71,6,to,TO
26,71,7,make,VB
26,71,8,sure,JJ
26,71,9,the,DT
26,71,10,newfound,JJ
26,71,11,microbes,NNS
26,71,12,were,VBD
26,71,13,not,RB
26,71,14,introduced,VBN
26,71,15,while,IN
26,71,16,drilling,VBG
26,71,17,through,IN
26,71,18,the,DT
26,71,19,ice,NN
26,71,20,into,IN
26,71,21,the,DT
26,71,22,lake,NN
26,71,23,",",","
26,71,24,which,WDT
26,71,25,involved,VBD
26,71,26,a,DT
26,71,27,hot,NN
26,71,28,-,JJ
26,71,29,water drilling technique,NN
26,71,30,designed,VBN
26,71,31,to,TO
26,71,32,greatly,RB
26,71,33,reduce,VB
26,71,34,or,CC
26,71,35,eliminate,VB
26,71,36,any,DT
26,71,37,contamination,NN
26,71,38,that,WDT
26,71,39,might,MD
26,71,40,come,VB
26,71,41,from,IN
26,71,42,other kerosene,JJ
26,71,43,-,:
26,71,44,based,JJ
26,71,45,drilling technology,NN
26,71,46,",",","
26,71,47,Christner,NNP
26,71,48,said,VBD
26,71,49,.,.
27,72,1,Very,RB
27,72,2,similar,JJ
27,72,3,",",","
27,72,4,but,CC
27,72,5,even,RB
27,72,6,more,RBR
27,72,7,striking,JJ
27,72,8,",",","
27,72,9,is,VBZ
27,72,10,the,DT
27,72,11,evidence,NN
27,72,12,from,IN
27,72,13,athletic,JJ
27,72,14,training,NN
27,72,15,.,.
27,73,1,As with,IN
27,73,2,rehearsing,VBG
27,73,3,a,DT
27,73,4,piece,NN
27,73,5,on,IN
27,73,6,the,DT
27,73,7,piano,NN
27,73,8,",",","
27,73,9,practicing,VBG
27,73,10,a,DT
27,73,11,complex physical,JJ
27,73,12,task,NN
27,73,13,in,IN
27,73,14,the,DT
27,73,15,mind,NN
27,73,16,alone,RB
27,73,17,is,VBZ
27,73,18,nearly as,RB
27,73,19,effective,JJ
27,73,20,a,DT
27,73,21,learning strategy,NN
27,73,22,as,IN
27,73,23,actually physically,RB
27,73,24,doing,VBG
27,73,25,it,PRP
27,73,26,.,.
27,74,1,But,CC
27,74,2,it,PRP
27,74,3,doesnÕt,VBZ
27,74,4,stop,VB
27,74,5,there,RB
27,74,6,.,.
28,75,1,A,DT
28,75,2,bill,NN
28,75,3,was,VBD
28,75,4,drafted,VBN
28,75,5,and,CC
28,75,6,introduced,VBN
28,75,7,into,IN
28,75,8,Parliament,NNP
28,75,9,several,JJ
28,75,10,times,NNS
28,75,11,but,CC
28,75,12,met,VBD
28,75,13,with,IN
28,75,14,great,JJ
28,75,15,opposition,NN
28,75,16,",",","
28,75,17,mostly,RB
28,75,18,from,IN
28,75,19,farmers,NNS
28,75,20,.,.
28,76,1,Eventually,RB
28,76,2,",",","
28,76,3,in,IN
28,76,4,1925,CD
28,76,5,",",","
28,76,6,it,PRP
28,76,7,was,VBD
28,76,8,decided,VBN
28,76,9,that,IN
28,76,10,summer time,NN
28,76,11,should,MD
28,76,12,begin,VB
28,76,13,on,IN
28,76,14,the,DT
28,76,15,day,NN
28,76,16,following,VBG
28,76,17,the,DT
28,76,18,third,JJ
28,76,19,Saturday,NNP
28,76,20,in,IN
28,76,21,April,NNP
28,76,22,and,CC
28,76,23,close,VB
28,76,24,after,IN
28,76,25,the,DT
28,76,26,first,JJ
28,76,27,Saturday,NNP
28,76,28,in,IN
28,76,29,October,NNP
28,76,30,.,.
29,77,1,When,WRB
29,77,2,early,JJ
29,77,3,Europeans,NNPS
29,77,4,discovered,VBD
29,77,5,Easter Island,NNP
29,77,6,",",","
29,77,7,its,PRP$
29,77,8,somewhat,RB
29,77,9,isolated,JJ
29,77,10,ecosystem,NN
29,77,11,was,VBD
29,77,12,suffering,VBG
29,77,13,from,IN
29,77,14,the,DT
29,77,15,effects,NNS
29,77,16,of,IN
29,77,17,limited natural,JJ
29,77,18,resources,NNS
29,77,19,",",","
29,77,20,deforestation,NN
29,77,21,",",","
29,77,22,and,CC
29,77,23,overpopulation,NN
29,77,24,.,.
29,78,1,Over,IN
29,78,2,the,DT
29,78,3,following,JJ
29,78,4,years,NNS
29,78,5,the,DT
29,78,6,island,NN
29,78,7,',POS
29,78,8,s,PRP$
29,78,9,population,NN
29,78,10,of,IN
29,78,11,four thousand,CD
29,78,12,or,CC
29,78,13,so,RB
29,78,14,was,VBD
29,78,15,slowly,RB
29,78,16,eroded,VBN
29,78,17,by,IN
29,78,18,Western,JJ
29,78,19,disease,NN
29,78,20,and,CC
29,78,21,deportation,NN
29,78,22,by,IN
29,78,23,slave,NN
29,78,24,traders,NNS
29,78,25,.,.
30,79,1,Binge,JJ
30,79,2,drinking,NN
30,79,3,may,MD
30,79,4,not necessarily,RB
30,79,5,kill,VB
30,79,6,or,CC
30,79,7,even,RB
30,79,8,damage,VB
30,79,9,brain,NN
30,79,10,cells,NNS
30,79,11,",",","
30,79,12,as,IN
30,79,13,commonly,RB
30,79,14,thought,VBN
30,79,15,",",","
30,79,16,a,DT
30,79,17,new,JJ
30,79,18,animal study,NN
30,79,19,suggests,VBZ
30,79,20,.,.
30,80,1,But,CC
30,80,2,it,PRP
30,80,3,can,MD
30,80,4,block,VB
30,80,5,key,JJ
30,80,6,receptors,NNS
30,80,7,in,IN
30,80,8,the,DT
30,80,9,brain,NN
30,80,10,and,CC
30,80,11,trigger,VB
30,80,12,production,NN
30,80,13,of,IN
30,80,14,a,DT
30,80,15,steroid,NN
30,80,16,that,WDT
30,80,17,interferes,VBZ
30,80,18,with,IN
30,80,19,brain,NN
30,80,20,functions,NNS
30,80,21,critical,JJ
30,80,22,to,TO
30,80,23,learning,NN
30,80,24,and,CC
30,80,25,memory,NN
30,80,26,.,.
31,81,1,When,WRB
31,81,2,preparing,VBG
31,81,3,to,TO
31,81,4,check,VB
31,81,5,out of,IN
31,81,6,their,PRP$
31,81,7,hotel room,NN
31,81,8,",",","
31,81,9,some,DT
31,81,10,frequent,JJ
31,81,11,travelers,NNS
31,81,12,pile,VBP
31,81,13,up,RP
31,81,14,their,PRP$
31,81,15,used,VBN
31,81,16,bath,NN
31,81,17,towels,NNS
31,81,18,on,IN
31,81,19,the,DT
31,81,20,bathroom floor,NN
31,81,21,",",","
31,81,22,which,WDT
31,81,23,would,MD
31,81,24,make,VB
31,81,25,them,PRP
31,81,26,easy,JJ
31,81,27,for,IN
31,81,28,housekeepers,NNS
31,81,29,to,TO
31,81,30,spot,VB
31,81,31,.,.
31,82,1,Other,JJ
31,82,2,travelers,NNS
31,82,3,neatly,RB
31,82,4,fold,VBP
31,82,5,them,PRP
31,82,6,",",","
31,82,7,or,CC
31,82,8,hang,VBP
31,82,9,them,PRP
31,82,10,from,IN
31,82,11,the,DT
31,82,12,shower curtain pole,NN
31,82,13,.,.
32,83,1,In,IN
32,83,2,no,DT
32,83,3,celestial,JJ
32,83,4,hurry,NN
32,83,5,",",","
32,83,6,Neptune,NNP
32,83,7,has,VBZ
32,83,8,just,RB
32,83,9,completed,VBN
32,83,10,its,PRP$
32,83,11,first,JJ
32,83,12,orbit,NN
32,83,13,around,IN
32,83,14,the,DT
32,83,15,sun,NN
32,83,16,since,IN
32,83,17,being,VBG
32,83,18,discovered,VBN
32,83,19,165,CD
32,83,20,years,NNS
32,83,21,ago,RB
32,83,22,by,IN
32,83,23,Earthlings,NNS
32,83,24,.,.
32,84,1,As,IN
32,84,2,Space,NNP
32,84,3,.,.
32,84,4,com,NNP
32,84,5,notes,VBZ
32,84,6,",",","
32,84,7,the,DT
32,84,8,big blue,JJ
32,84,9,-,:
32,84,10,green,JJ
32,84,11,gas bag,NN
32,84,12,is,VBZ
32,84,13,the,DT
32,84,14,only,JJ
32,84,15,planet,NN
32,84,16,in,IN
32,84,17,our,PRP$
32,84,18,solar,JJ
32,84,19,system,NN
32,84,20,to,TO
32,84,21,be,VB
32,84,22,discovered,VBN
32,84,23,by,IN
32,84,24,mathematics,NNS
32,84,25,.,.
33,85,1,When,WRB
33,85,2,attacked,VBN
33,85,3,",",","
33,85,4,a,DT
33,85,5,skunk,NN
33,85,6,',POS
33,85,7,s,PRP$
33,85,8,natural,JJ
33,85,9,inclination,NN
33,85,10,is,VBZ
33,85,11,to,TO
33,85,12,turn,VB
33,85,13,around,RB
33,85,14,",",","
33,85,15,lick,VB
33,85,16,its,PRP$
33,85,17,tail,NN
33,85,18,and,CC
33,85,19,spray,VB
33,85,20,a,DT
33,85,21,noxious,JJ
33,85,22,scent,NN
33,85,23,.,.
33,86,1,That,DT
33,86,2,works,VBZ
33,86,3,when,WRB
33,86,4,a,DT
33,86,5,skunk,NN
33,86,6,faces,VBZ
33,86,7,a,DT
33,86,8,natural,JJ
33,86,9,predator,NN
33,86,10,in,IN
33,86,11,the,DT
33,86,12,wild,JJ
33,86,13,",",","
33,86,14,but,CC
33,86,15,it,PRP
33,86,16,' s,VBZ
33,86,17,not as,RB
33,86,18,helpful,JJ
33,86,19,when,WRB
33,86,20,faced,VBN
33,86,21,with,IN
33,86,22,",",","
33,86,23,let,VB
33,86,24,' s,PRP
33,86,25,say,VB
33,86,26,",",","
33,86,27,an,DT
33,86,28,oncoming,JJ
33,86,29,car,NN
33,86,30,.,.
34,87,1,Lady Gaga,NNP
34,87,2,',POS
34,87,3,s,DT
34,87,4,YouTube,NNP
34,87,5,account,NN
34,87,6,was,VBD
34,87,7,suspended,VBN
34,87,8,Thursday,NNP
34,87,9,.,.
34,88,1,The,DT
34,88,2,notice,NN
34,88,3,read,VBD
34,88,4,that,IN
34,88,5,the,DT
34,88,6,suspension,NN
34,88,7,was,VBD
34,88,8,due,JJ
34,88,9,to,TO
34,88,10,"""",LRB-
34,88,11,multiple,JJ
34,88,12,or,CC
34,88,13,severe,JJ
34,88,14,violations,NNS
34,88,15,of,IN
34,88,16,YouTube,NNP
34,88,17,',POS
34,88,18,s,PRP$
34,88,19,copyright policy,NN
34,88,20,.,.
34,88,21,"""",RRB-
34,89,1,The,DT
34,89,2,Google,NNP
34,89,3,Inc.,JJ
34,89,4,-,:
34,89,5,owned,VBN
34,89,6,YouTube,NNP
34,89,7,declined,VBD
34,89,8,to,TO
34,89,9,comment,VB
34,89,10,.,.
34,90,1,It,PRP
34,90,2,' s,VBZ
34,90,3,YouTube,NNP
34,90,4,policy,NN
34,90,5,to,TO
34,90,6,remove,VB
34,90,7,accounts,NNS
34,90,8,after,IN
34,90,9,three,CD
34,90,10,copyright,NN
34,90,11,violations,NNS
34,90,12,.,.
35,91,1,The,DT
35,91,2,astronauts,NNS
35,91,3,used,VBD
35,91,4,a,DT
35,91,5,hefty robotic,JJ
35,91,6,arm,NN
35,91,7,to,TO
35,91,8,move,VB
35,91,9,the,DT
35,91,10,bus,JJ
35,91,11,-,:
35,91,12,size,JJ
35,91,13,canister,NN
35,91,14,",",","
35,91,15,stuffed,VBN
35,91,16,with,IN
35,91,17,nearly,RB
35,91,18,three,CD
35,91,19,tons,NNS
35,91,20,of,IN
35,91,21,packing foam,NN
35,91,22,and,CC
35,91,23,other,JJ
35,91,24,space station refuse,NN
35,91,25,.,.
35,92,1,It,PRP
35,92,2,was,VBD
35,92,3,the,DT
35,92,4,last,JJ
35,92,5,job,NN
35,92,6,shared,VBN
35,92,7,by,IN
35,92,8,the,DT
35,92,9,shuttle,NN
35,92,10,and,CC
35,92,11,station,NN
35,92,12,crews,NNS
35,92,13,",",","
35,92,14,numbering,VBG
35,92,15,ten,CD
35,92,16,astronauts,NNS
35,92,17,altogether,RB
35,92,18,.,.
36,93,1,Rich,JJ
36,93,2,investors,NNS
36,93,3,with,IN
36,93,4,no,DT
36,93,5,ties,NNS
36,93,6,to,TO
36,93,7,farming,NN
36,93,8,",",","
36,93,9,no,DT
36,93,10,dirt,NN
36,93,11,under,IN
36,93,12,their,PRP$
36,93,13,nails,NNS
36,93,14,",",","
36,93,15,are,VBP
36,93,16,confident,JJ
36,93,17,enough,RB
36,93,18,to,TO
36,93,19,wager,VB
36,93,20,big,JJ
36,93,21,on,IN
36,93,22,a,DT
36,93,23,patch,NN
36,93,24,of,IN
36,93,25,earth Ñ,NN
36,93,26,betting,VBG
36,93,27,that,IN
36,93,28,it,PRP
36,93,29,' s,VBZ
36,93,30,a,DT
36,93,31,smart,JJ
36,93,32,investment,NN
36,93,33,because,IN
36,93,34,food,NN
36,93,35,will,MD
36,93,36,only,RB
36,93,37,get,VB
36,93,38,more,RBR
36,93,39,expensive,JJ
36,93,40,around,IN
36,93,41,the,DT
36,93,42,world,NN
36,93,43,.,.
37,94,1,John Thornton,NNP
37,94,2,asked,VBD
37,94,3,little,JJ
37,94,4,of,IN
37,94,5,man,NN
37,94,6,or,CC
37,94,7,nature,NN
37,94,8,.,.
37,95,1,He,PRP
37,95,2,was,VBD
37,95,3,unafraid,JJ
37,95,4,of,IN
37,95,5,the,DT
37,95,6,wild,JJ
37,95,7,.,.
37,96,1,With,IN
37,96,2,a,DT
37,96,3,handful,NN
37,96,4,of,IN
37,96,5,salt,NN
37,96,6,and,CC
37,96,7,a,DT
37,96,8,rifle,NN
37,96,9,he,PRP
37,96,10,could,MD
37,96,11,plunge,VB
37,96,12,into,IN
37,96,13,the,DT
37,96,14,wilderness,NN
37,96,15,and,CC
37,96,16,fare,VB
37,96,17,wherever,WRB
37,96,18,he,PRP
37,96,19,pleased,VBD
37,96,20,and,CC
37,96,21,as long,RB
37,96,22,as,IN
37,96,23,he,PRP
37,96,24,pleased,VBD
37,96,25,.,.
38,97,1,All,DT
38,97,2,that,IN
38,97,3,the,DT
38,97,4,brain,NN
38,97,5,has,VBZ
38,97,6,to,TO
38,97,7,work,VB
38,97,8,with,IN
38,97,9,are,VBP
38,97,10,imperfect incoming electrical,JJ
38,97,11,impulses,NNS
38,97,12,announcing,VBG
38,97,13,that,IN
38,97,14,things,NNS
38,97,15,are,VBP
38,97,16,happening,VBG
38,97,17,.,.
38,98,1,It,PRP
38,98,2,is,VBZ
38,98,3,then,RB
38,98,4,the,DT
38,98,5,job,NN
38,98,6,of,IN
38,98,7,neurons,NNS
38,98,8,to,TO
38,98,9,rapidly,RB
38,98,10,interpret,VB
38,98,11,these,DT
38,98,12,signals,NNS
38,98,13,as well,RB
38,98,14,as,IN
38,98,15,they,PRP
38,98,16,can,MD
38,98,17,",",","
38,98,18,and,CC
38,98,19,suggest,VB
38,98,20,how,WRB
38,98,21,to,TO
38,98,22,react,VB
38,98,23,.,.
39,99,1,That,DT
39,99,2,' s,VBZ
39,99,3,because,IN
39,99,4,when,WRB
39,99,5,immigrants,NNS
39,99,6,from,IN
39,99,7,a,DT
39,99,8,particular cultural,JJ
39,99,9,group,NN
39,99,10,move,VBP
39,99,11,into,IN
39,99,12,a,DT
39,99,13,new,JJ
39,99,14,one,CD
39,99,15,",",","
39,99,16,they,PRP
39,99,17,bring,VBP
39,99,18,genetic,JJ
39,99,19,diversity,NN
39,99,20,that,IN
39,99,21,",",","
39,99,22,if,IN
39,99,23,the,DT
39,99,24,immigrants,NNS
39,99,25,have,VBP
39,99,26,children,NNS
39,99,27,",",","
39,99,28,get,VB
39,99,29,mixed,VBN
39,99,30,around,RP
39,99,31,",",","
39,99,32,changing,VBG
39,99,33,the,DT
39,99,34,new,JJ
39,99,35,population,NN
39,99,36,',POS
39,99,37,s,PRP$
39,99,38,gene pool,NN
39,99,39,.,.
39,100,1,But,CC
39,100,2,the,DT
39,100,3,new,JJ
39,100,4,population,NN
39,100,5,',POS
39,100,6,s,PRP$
39,100,7,culture,NN
39,100,8,doesn,VBZ
39,100,9,' t necessarily,RB
39,100,10,change,VB
39,100,11,.,.
40,101,1,Police,NNS
40,101,2,in,IN
40,101,3,Georgia,NNP
40,101,4,have,VBP
40,101,5,shut,VBN
40,101,6,down,RP
40,101,7,a,DT
40,101,8,lemonade stand,NN
40,101,9,run,VBN
40,101,10,by,IN
40,101,11,three,CD
40,101,12,girls,NNS
40,101,13,trying,VBG
40,101,14,to,TO
40,101,15,save,VB
40,101,16,up,RP
40,101,17,for,IN
40,101,18,a,DT
40,101,19,trip,NN
40,101,20,to,TO
40,101,21,a,DT
40,101,22,water park,NN
40,101,23,",",","
40,101,24,saying,VBG
40,101,25,they,PRP
40,101,26,didn,VBD
40,101,27,' t,RB
40,101,28,have,VB
40,101,29,a,DT
40,101,30,business license,NN
40,101,31,or,CC
40,101,32,the,DT
40,101,33,required,JJ
40,101,34,permits,NNS
40,101,35,.,.
40,102,1,Morningstar,NNP
40,102,2,says,VBZ
40,102,3,police,NNS
40,102,4,also,RB
40,102,5,didn,VBD
40,102,6,' t,RB
40,102,7,know,VB
40,102,8,how,WRB
40,102,9,the,DT
40,102,10,lemonade,NN
40,102,11,was,VBD
40,102,12,made,VBN
40,102,13,.,.
41,103,1,Research,NN
41,103,2,showing,VBG
41,103,3,that,IN
41,103,4,a,DT
41,103,5,tiny European,JJ
41,103,6,river bug,NN
41,103,7,called,VBD
41,103,8,the,DT
41,103,9,water boatman,NN
41,103,10,may,MD
41,103,11,be,VB
41,103,12,the,DT
41,103,13,loudest,JJS
41,103,14,animal,NN
41,103,15,on,IN
41,103,16,earth,NN
41,103,17,for,IN
41,103,18,its,PRP$
41,103,19,size,NN
41,103,20,has,VBZ
41,103,21,some,DT
41,103,22,interesting,JJ
41,103,23,sidebars,NNS
41,103,24,.,.
41,104,1,The,DT
41,104,2,insect,NN
41,104,3,is,VBZ
41,104,4,just,RB
41,104,5,two,CD
41,104,6,millimeters,NNS
41,104,7,long,JJ
41,104,8,and,CC
41,104,9,yet,RB
41,104,10,produces,VBZ
41,104,11,an,DT
41,104,12,underwater,JJ
41,104,13,call,NN
41,104,14,that,WDT
41,104,15,has,VBZ
41,104,16,been measured,VBN
41,104,17,at,IN
41,104,18,99. 2,CD
41,104,19,decibels,NNS
41,104,20,.,.
42,105,1,There,EX
42,105,2,often,RB
42,105,3,seems,VBZ
42,105,4,to,TO
42,105,5,be,VB
42,105,6,more,RBR
42,105,7,diving,VBG
42,105,8,in,IN
42,105,9,soccer,NN
42,105,10,than in,IN
42,105,11,the,DT
42,105,12,Summer,NNP
42,105,13,Olympics,NNPS
42,105,14,.,.
42,106,1,Phantom contact,NN
42,106,2,",",","
42,106,3,or,CC
42,106,4,the,DT
42,106,5,slightest,JJS
42,106,6,collision,NN
42,106,7,",",","
42,106,8,can,MD
42,106,9,lead,VB
42,106,10,to,TO
42,106,11,theatrical,JJ
42,106,12,belly,NN
42,106,13,flops,NNS
42,106,14,and,CC
42,106,15,exaggerated,JJ
42,106,16,somersaults,NNS
42,106,17,by,IN
42,106,18,players,NNS
42,106,19,deceptively,RB
42,106,20,trying,VBG
42,106,21,to,TO
42,106,22,draw,VB
42,106,23,fouls,NNS
42,106,24,on,IN
42,106,25,their,PRP$
42,106,26,opponents,NNS
42,106,27,",",","
42,106,28,kill,VB
42,106,29,time,NN
42,106,30,or,CC
42,106,31,catch,VB
42,106,32,a,DT
42,106,33,breather,NN
42,106,34,when,WRB
42,106,35,tired,VBN
42,106,36,.,.
43,107,1,Proper,JJ
43,107,2,ventilation,NN
43,107,3,will,MD
43,107,4,make,VB
43,107,5,a,DT
43,107,6,backdraft,NN
43,107,7,less,RBR
43,107,8,likely,JJ
43,107,9,.,.
43,108,1,Opening,VBG
43,108,2,a,DT
43,108,3,room,NN
43,108,4,or,CC
43,108,5,building,NN
43,108,6,at,IN
43,108,7,the,DT
43,108,8,highest,JJS
43,108,9,point,NN
43,108,10,allows,VBZ
43,108,11,heated,VBN
43,108,12,gases,NNS
43,108,13,and,CC
43,108,14,smoke,NN
43,108,15,to,TO
43,108,16,be,VB
43,108,17,released,VBN
43,108,18,gradually,RB
43,108,19,.,.
43,109,1,However,RB
43,109,2,",",","
43,109,3,suddenly,RB
43,109,4,breaking,VBG
43,109,5,a,DT
43,109,6,window,NN
43,109,7,or,CC
43,109,8,opening,VBG
43,109,9,a,DT
43,109,10,door,NN
43,109,11,is,VBZ
43,109,12,a,DT
43,109,13,mistake,NN
43,109,14,",",","
43,109,15,because,IN
43,109,16,it,PRP
43,109,17,allows,VBZ
43,109,18,oxygen,NN
43,109,19,to,TO
43,109,20,rush,VB
43,109,21,in,RB
43,109,22,",",","
43,109,23,causing,VBG
43,109,24,an,DT
43,109,25,explosion,NN
43,109,26,.,.
44,110,1,The,DT
44,110,2,first,JJ
44,110,3,step,NN
44,110,4,to,TO
44,110,5,be,VB
44,110,6,taken,VBN
44,110,7,in,IN
44,110,8,studying,VBG
44,110,9,the,DT
44,110,10,history,NN
44,110,11,of,IN
44,110,12,our,PRP$
44,110,13,country,NN
44,110,14,is,VBZ
44,110,15,to,TO
44,110,16,form,VB
44,110,17,some,DT
44,110,18,clear,JJ
44,110,19,and,CC
44,110,20,proper,JJ
44,110,21,conception,NN
44,110,22,of,IN
44,110,23,the,DT
44,110,24,characteristics,NNS
44,110,25,and,CC
44,110,26,condition,NN
44,110,27,of,IN
44,110,28,the,DT
44,110,29,territory,NN
44,110,30,which,WDT
44,110,31,is,VBZ
44,110,32,now,RB
44,110,33,occupied,VBN
44,110,34,by,IN
44,110,35,the,DT
44,110,36,American,JJ
44,110,37,people,NNS
44,110,38,",",","
44,110,39,as,IN
44,110,40,it,PRP
44,110,41,existed,VBD
44,110,42,when,WRB
44,110,43,first,RB
44,110,44,discovered,VBN
44,110,45,and,CC
44,110,46,explored,VBN
44,110,47,by,IN
44,110,48,Europeans,NNPS
44,110,49,.,.
45,111,1,Susan B,NNP
45,111,2,.,.
45,111,3,Anthony,NNP
45,111,4,spent,VBD
45,111,5,nearly,RB
45,111,6,sixty,CD
45,111,7,years,NNS
45,111,8,of,IN
45,111,9,her,PRP$
45,111,10,life,NN
45,111,11,devoted,JJ
45,111,12,to,TO
45,111,13,the,DT
45,111,14,cause,NN
45,111,15,of,IN
45,111,16,social,JJ
45,111,17,justice,NN
45,111,18,and,CC
45,111,19,equality,NN
45,111,20,for,IN
45,111,21,all,DT
45,111,22,.,.
45,112,1,Her,PRP$
45,112,2,major,JJ
45,112,3,contributions,NNS
45,112,4,were,VBD
45,112,5,focused,VBN
45,112,6,on,IN
45,112,7,womenÕs rights,NNS
45,112,8,.,.
45,113,1,Her,PRP$
45,113,2,primary,JJ
45,113,3,achievement,NN
45,113,4,lay,VBD
45,113,5,in,IN
45,113,6,her,PRP$
45,113,7,inspiration,NN
45,113,8,and,CC
45,113,9,influence,NN
45,113,10,of,IN
45,113,11,thousands,NNS
45,113,12,of,IN
45,113,13,people,NNS
45,113,14,promoting,VBG
45,113,15,the,DT
45,113,16,right,NN
45,113,17,of,IN
45,113,18,women,NNS
45,113,19,to,TO
45,113,20,vote,VB
45,113,21,.,.
46,114,1,As,IN
46,114,2,Earth,NNP
46,114,3,warms,VBZ
46,114,4,due,JJ
46,114,5,to,TO
46,114,6,the,DT
46,114,7,human,JJ
46,114,8,-,:
46,114,9,caused,VBN
46,114,10,release,NN
46,114,11,of,IN
46,114,12,heat -,JJ
46,114,13,trapping,VBG
46,114,14,gases,NNS
46,114,15,into,IN
46,114,16,the,DT
46,114,17,atmosphere,NN
46,114,18,",",","
46,114,19,frozen Arctic,JJ
46,114,20,soils,NNS
46,114,21,also,RB
46,114,22,warm,VBP
46,114,23,",",","
46,114,24,thaw,VBP
46,114,25,and,CC
46,114,26,release,VBP
46,114,27,more,JJR
46,114,28,carbon dioxide,NN
46,114,29,.,.
46,115,1,The,DT
46,115,2,added,VBN
46,115,3,carbon dioxide,NN
46,115,4,accelerates,VBZ
46,115,5,Earth,NNP
46,115,6,',POS
46,115,7,s,PRP$
46,115,8,warming,NN
46,115,9,",",","
46,115,10,which,WDT
46,115,11,further,RB
46,115,12,accelerates,VBZ
46,115,13,the,DT
46,115,14,thawing,NN
46,115,15,of,IN
46,115,16,Arctic,JJ
46,115,17,soils,NNS
46,115,18,and,CC
46,115,19,the,DT
46,115,20,release,NN
46,115,21,of,IN
46,115,22,even,RB
46,115,23,more,JJR
46,115,24,carbon dioxide,NN
46,115,25,.,.
47,116,1,Unfortunately,RB
47,116,2,",",","
47,116,3,for,IN
47,116,4,every,DT
47,116,5,six,CD
47,116,6,water,NN
47,116,7,bottles,NNS
47,116,8,we,PRP
47,116,9,use,VBP
47,116,10,",",","
47,116,11,only,RB
47,116,12,one,CD
47,116,13,makes,VBZ
47,116,14,it,PRP
47,116,15,to,TO
47,116,16,the,DT
47,116,17,recycling,VBG
47,116,18,bin,NN
47,116,19,.,.
47,117,1,The,DT
47,117,2,rest,NN
47,117,3,are,VBP
47,117,4,sent,VBN
47,117,5,to,TO
47,117,6,landfills,NNS
47,117,7,or,CC
47,117,8,",",","
47,117,9,even,RB
47,117,10,worse,RBR
47,117,11,",",","
47,117,12,they,PRP
47,117,13,end,VBP
47,117,14,up,RP
47,117,15,as,IN
47,117,16,trash,NN
47,117,17,on,IN
47,117,18,the,DT
47,117,19,land,NN
47,117,20,and,CC
47,117,21,in,IN
47,117,22,rivers,NNS
47,117,23,",",","
47,117,24,lakes,NNS
47,117,25,",",","
47,117,26,and,CC
47,117,27,the,DT
47,117,28,ocean,NN
47,117,29,.,.
47,118,1,Plastic,JJ
47,118,2,bottles,NNS
47,118,3,take,VBP
47,118,4,many,JJ
47,118,5,hundreds,NNS
47,118,6,of,IN
47,118,7,years,NNS
47,118,8,to,TO
47,118,9,disintegrate,VB
47,118,10,.,.
48,119,1,As in,IN
48,119,2,the,DT
48,119,3,United,NNP
48,119,4,States,NNPS
48,119,5,",",","
48,119,6,Colombian,JJ
48,119,7,legislation,NN
48,119,8,requires,VBZ
48,119,9,travelers,NNS
48,119,10,entering,VBG
48,119,11,the,DT
48,119,12,country,NN
48,119,13,to,TO
48,119,14,declare,VB
48,119,15,cash,NN
48,119,16,in,IN
48,119,17,excess,NN
48,119,18,of,IN
48,119,19,ten thousand,CD
48,119,20,dollars,NNS
48,119,21,.,.
48,120,1,Concealing,VBG
48,120,2,more,JJR
48,120,3,than,IN
48,120,4,that,DT
48,120,5,amount,NN
48,120,6,to,TO
48,120,7,transport,VB
48,120,8,it,PRP
48,120,9,into,IN
48,120,10,or,CC
48,120,11,out of,IN
48,120,12,the,DT
48,120,13,country,NN
48,120,14,is,VBZ
48,120,15,a,DT
48,120,16,crime,NN
48,120,17,punishable,JJ
48,120,18,by up,IN
48,120,19,to,TO
48,120,20,five,CD
48,120,21,years,NNS
48,120,22,in,IN
48,120,23,prison,NN
48,120,24,in,IN
48,120,25,the,DT
48,120,26,United,NNP
48,120,27,States,NNPS
48,120,28,.,.
49,121,1,For,IN
49,121,2,centuries,NNS
49,121,3,",",","
49,121,4,time,NN
49,121,5,was,VBD
49,121,6,measured,VBN
49,121,7,by,IN
49,121,8,the,DT
49,121,9,position,NN
49,121,10,of,IN
49,121,11,the,DT
49,121,12,sun,NN
49,121,13,with,IN
49,121,14,the,DT
49,121,15,use,NN
49,121,16,of,IN
49,121,17,sundials,NNS
49,121,18,.,.
49,122,1,Noon,NN
49,122,2,was,VBD
49,122,3,recognized,VBN
49,122,4,when,WRB
49,122,5,the,DT
49,122,6,sun,NN
49,122,7,was,VBD
49,122,8,the,DT
49,122,9,highest,JJS
49,122,10,in,IN
49,122,11,the,DT
49,122,12,sky,NN
49,122,13,",",","
49,122,14,and,CC
49,122,15,cities,NNS
49,122,16,would,MD
49,122,17,set,VB
49,122,18,their,PRP$
49,122,19,clock,NN
49,122,20,by,IN
49,122,21,this,DT
49,122,22,apparent solar,JJ
49,122,23,time,NN
49,122,24,",",","
49,122,25,even,RB
49,122,26,though,IN
49,122,27,some,DT
49,122,28,cities,NNS
49,122,29,would,MD
49,122,30,often,RB
49,122,31,be,VB
49,122,32,on,IN
49,122,33,a,DT
49,122,34,slightly,RB
49,122,35,different,JJ
49,122,36,time,NN
49,122,37,.,.
50,123,1,When,WRB
50,123,2,the,DT
50,123,3,new,JJ
50,123,4,world,NN
50,123,5,was,VBD
50,123,6,first,RB
50,123,7,discovered,VBN
50,123,8,it,PRP
50,123,9,was,VBD
50,123,10,found,VBN
50,123,11,to,TO
50,123,12,be,VB
50,123,13,",",","
50,123,14,like,IN
50,123,15,the,DT
50,123,16,old,JJ
50,123,17,",",","
50,123,18,well,RB
50,123,19,stocked,VBN
50,123,20,with,IN
50,123,21,plants,NNS
50,123,22,and,CC
50,123,23,animals,NNS
50,123,24,",",","
50,123,25,and,CC
50,123,26,inhabited,VBN
50,123,27,by,IN
50,123,28,a,DT
50,123,29,great many,JJ
50,123,30,tribes,NNS
50,123,31,and,CC
50,123,32,nations,NNS
50,123,33,of,IN
50,123,34,men,NNS
50,123,35,;,:
50,123,36,and,CC
50,123,37,yet,RB
50,123,38,the,DT
50,123,39,plants,NNS
50,123,40,and,CC
50,123,41,animals,NNS
50,123,42,",",","
50,123,43,if,IN
50,123,44,not,RB
50,123,45,the,DT
50,123,46,men,NNS
50,123,47,",",","
50,123,48,were,VBD
50,123,49,all essentially,RB
50,123,50,different,JJ
50,123,51,from,IN
50,123,52,those,DT
50,123,53,known,VBN
50,123,54,in,IN
50,123,55,the,DT
50,123,56,old,JJ
50,123,57,world,NN
50,123,58,.,.
51,124,1,American,JJ
51,124,2,industry,NN
51,124,3,may,MD
51,124,4,not,RB
51,124,5,know,VB
51,124,6,it,PRP
51,124,7,",",","
51,124,8,but,CC
51,124,9,debate,NN
51,124,10,in,IN
51,124,11,Congress,NNP
51,124,12,over,IN
51,124,13,reforming,VBG
51,124,14,the,DT
51,124,15,federal,JJ
51,124,16,government,NN
51,124,17,' s,POS
51,124,18,regulatory,JJ
51,124,19,apparatus,NN
51,124,20,may,MD
51,124,21,profoundly,RB
51,124,22,improve,VB
51,124,23,companies,NNS
51,124,24,',POS
51,124,25,ability,NN
51,124,26,to,TO
51,124,27,survive,VB
51,124,28,.,.
51,125,1,This,DT
51,125,2,week,NN
51,125,3,the,DT
51,125,4,Senate,NNP
51,125,5,seems,VBZ
51,125,6,poised,VBN
51,125,7,to,TO
51,125,8,join,VB
51,125,9,the,DT
51,125,10,House,NNP
51,125,11,in,IN
51,125,12,a,DT
51,125,13,massive,JJ
51,125,14,overhaul,NN
51,125,15,of,IN
51,125,16,the,DT
51,125,17,way,NN
51,125,18,in,IN
51,125,19,which,WDT
51,125,20,bureaucrats,NNS
51,125,21,enact,VBP
51,125,22,regulations,NNS
51,125,23,that,WDT
51,125,24,are,VBP
51,125,25,strangling,VBG
51,125,26,the,DT
51,125,27,life,NN
51,125,28,out of,IN
51,125,29,companies,NNS
51,125,30,.,.
52,126,1,Stress,NN
52,126,2,is,VBZ
52,126,3,a,DT
52,126,4,risk factor,NN
52,126,5,for,IN
52,126,6,both,DT
52,126,7,depression,NN
52,126,8,and,CC
52,126,9,anxiety,NN
52,126,10,",",","
52,126,11,he,PRP
52,126,12,says,VBZ
52,126,13,.,.
52,127,1,"""",LRB-
52,127,2,We,PRP
52,127,3,don,VBP
52,127,4,' t,RB
52,127,5,have,VB
52,127,6,data,NNS
52,127,7,on,IN
52,127,8,the,DT
52,127,9,specific,JJ
52,127,10,causes,NNS
52,127,11,of,IN
52,127,12,depression,NN
52,127,13,and,CC
52,127,14,anxiety,NN
52,127,15,in,IN
52,127,16,this,DT
52,127,17,sample,NN
52,127,18,",",","
52,127,19,but,CC
52,127,20,it,PRP
52,127,21,does,VBZ
52,127,22,make,VB
52,127,23,sense,NN
52,127,24,scientifically,RB
52,127,25,that,IN
52,127,26,the,DT
52,127,27,Millennials,NNPS
52,127,28,who,WP
52,127,29,report,VBP
52,127,30,higher,JJR
52,127,31,levels,NNS
52,127,32,of,IN
52,127,33,stress,NN
52,127,34,in,IN
52,127,35,their,PRP$
52,127,36,lives,NNS
52,127,37,are,VBP
52,127,38,also,RB
52,127,39,reporting,VBG
52,127,40,higher,JJR
52,127,41,levels,NNS
52,127,42,of,IN
52,127,43,depression,NN
52,127,44,and,CC
52,127,45,anxiety,NN
52,127,46,.,.
53,128,1,When,WRB
53,128,2,it,PRP
53,128,3,comes,VBZ
53,128,4,to,TO
53,128,5,having,VBG
53,128,6,a,DT
53,128,7,lasting,JJ
53,128,8,and,CC
53,128,9,fulfilling,JJ
53,128,10,relationship,NN
53,128,11,",",","
53,128,12,common,JJ
53,128,13,wisdom,NN
53,128,14,says,VBZ
53,128,15,that,IN
53,128,16,feeling,VBG
53,128,17,close,RB
53,128,18,to,TO
53,128,19,your,PRP$
53,128,20,romantic,JJ
53,128,21,partner,NN
53,128,22,is,VBZ
53,128,23,paramount,JJ
53,128,24,.,.
53,129,1,But,CC
53,129,2,a,DT
53,129,3,new,JJ
53,129,4,study,NN
53,129,5,finds,VBZ
53,129,6,that,IN
53,129,7,it,PRP
53,129,8,' s,VBZ
53,129,9,not,RB
53,129,10,how,WRB
53,129,11,close,JJ
53,129,12,you,PRP
53,129,13,feel,VBP
53,129,14,that,IN
53,129,15,matters,VBZ
53,129,16,most,RBS
53,129,17,",",","
53,129,18,it,PRP
53,129,19,' s,VBZ
53,129,20,whether,IN
53,129,21,you,PRP
53,129,22,are,VBP
53,129,23,as,RB
53,129,24,close,JJ
53,129,25,as,IN
53,129,26,you,PRP
53,129,27,want,VBP
53,129,28,to,TO
53,129,29,be,VB
53,129,30,",",","
53,129,31,even,RB
53,129,32,if,IN
53,129,33,that,DT
53,129,34,' s,VBZ
53,129,35,really not,RB
53,129,36,close,JJ
53,129,37,at,IN
53,129,38,all,DT
53,129,39,.,.
54,130,1,At,IN
54,130,2,the,DT
54,130,3,time,NN
54,130,4,the,DT
54,130,5,French,JJ
54,130,6,crown,NN
54,130,7,secured,VBD
54,130,8,much,JJ
54,130,9,of,IN
54,130,10,its,PRP$
54,130,11,revenue,NN
54,130,12,by,IN
54,130,13,issuing,VBG
54,130,14,government,NN
54,130,15,bonds,NNS
54,130,16,.,.
54,131,1,In,IN
54,131,2,1727,CD
54,131,3,",",","
54,131,4,in,IN
54,131,5,order,NN
54,131,6,to,TO
54,131,7,save,VB
54,131,8,money,NN
54,131,9,",",","
54,131,10,the,DT
54,131,11,state,NN
54,131,12,cut,VBD
54,131,13,the,DT
54,131,14,bondsÕ,NNS
54,131,15,interest rate,NN
54,131,16,.,.
54,132,1,The,DT
54,132,2,market value,NN
54,132,3,of,IN
54,132,4,these,DT
54,132,5,bonds,NNS
54,132,6,plummeted,VBD
54,132,7,",",","
54,132,8,and,CC
54,132,9,the,DT
54,132,10,market,NN
54,132,11,became,VBD
54,132,12,wary,JJ
54,132,13,of,IN
54,132,14,French,JJ
54,132,15,credit,NN
54,132,16,.,.
54,133,1,The,DT
54,133,2,French,JJ
54,133,3,state,NN
54,133,4,was,VBD
54,133,5,left,VBN
54,133,6,without,IN
54,133,7,an,DT
54,133,8,easy,JJ
54,133,9,way,NN
54,133,10,of,IN
54,133,11,raising,VBG
54,133,12,money,NN
54,133,13,.,.
55,134,1,Voltaire,NNP
55,134,2,himself,PRP
55,134,3,probably,RB
55,134,4,won,VBD
55,134,5,around,IN
55,134,6,half,PDT
55,134,7,a,DT
55,134,8,million,CD
55,134,9,livres,NNS
55,134,10,",",","
55,134,11,a,DT
55,134,12,large,JJ
55,134,13,fortune,NN
55,134,14,",",","
55,134,15,which,WDT
55,134,16,he,PRP
55,134,17,then,RB
55,134,18,made,VBD
55,134,19,even,RB
55,134,20,larger,JJR
55,134,21,in,IN
55,134,22,a,DT
55,134,23,series,NN
55,134,24,of,IN
55,134,25,canny,JJ
55,134,26,investments,NNS
55,134,27,.,.
55,135,1,Soon,RB
55,135,2,Voltaire,NNP
55,135,3,was,VBD
55,135,4,a,DT
55,135,5,very,RB
55,135,6,rich,JJ
55,135,7,man,NN
55,135,8,",",","
55,135,9,rich,JJ
55,135,10,enough,RB
55,135,11,to,TO
55,135,12,become,VB
55,135,13,a,DT
55,135,14,moneylender,NN
55,135,15,to,TO
55,135,16,the,DT
55,135,17,powerful,JJ
55,135,18,and,CC
55,135,19,famous,JJ
55,135,20,",",","
55,135,21,rich,JJ
55,135,22,enough,RB
55,135,23,that,IN
55,135,24,he,PRP
55,135,25,no longer,RB
55,135,26,had,VBD
55,135,27,to,TO
55,135,28,stake,VB
55,135,29,his,PRP$
55,135,30,financial,JJ
55,135,31,well,NN
55,135,32,-,:
55,135,33,being,NN
55,135,34,on,IN
55,135,35,that,DT
55,135,36,most,RBS
55,135,37,unreliable,JJ
55,135,38,and,CC
55,135,39,detestable,JJ
55,135,40,profession,NN
55,135,41,",",","
55,135,42,writing,VBG
55,135,43,.,.
